{"cameraMode":{"drawMode":0,"name":"Shaded","section":"Shading Mode"},"sceneLighting":false,"audioPlay":false,"sceneViewState":{"showFog":true,"showMaterialUpdate":false,"showSkybox":true,"showFlares":true,"showImageEffects":true,"showParticleSystems":true},"in2DMode":false,"pivot":{"x":31.298818588256837,"y":-8.273834228515625,"z":5.751963138580322},"rotation":{"x":0.14841535687446595,"y":0.6038150191307068,"z":-0.11569679528474808,"w":0.7746041417121887},"size":68.6342544555664,"orthographic":false}