{"cameraMode":{"drawMode":0,"name":"Shaded","section":"Shading Mode"},"sceneLighting":false,"audioPlay":false,"sceneViewState":{"showFog":true,"showMaterialUpdate":false,"showSkybox":false,"showFlares":true,"showImageEffects":true,"showParticleSystems":true},"in2DMode":false,"pivot":{"x":9.147359848022461,"y":0.10362052917480469,"z":37.296226501464847},"rotation":{"x":-0.16657257080078126,"y":-0.10452042520046234,"z":0.01776001788675785,"w":-0.9803155660629273},"size":53.15133285522461,"orthographic":false}