{"cameraMode":{"drawMode":0,"name":"Shaded","section":"Shading Mode"},"sceneLighting":false,"audioPlay":false,"sceneViewState":{"showFog":true,"showMaterialUpdate":false,"showSkybox":false,"showFlares":true,"showImageEffects":true,"showParticleSystems":true},"in2DMode":false,"pivot":{"x":-0.44301939010620119,"y":-1.273945689201355,"z":2.6865530014038088},"rotation":{"x":0.11941087245941162,"y":0.6065574884414673,"z":-0.09279628098011017,"w":0.7805336713790894},"size":2.3334522247314455,"orthographic":false}