{"cameraMode":{"drawMode":0,"name":"Shaded","section":"Shading Mode"},"sceneLighting":false,"audioPlay":false,"sceneViewState":{"showFog":true,"showMaterialUpdate":false,"showSkybox":true,"showFlares":true,"showImageEffects":true,"showParticleSystems":true},"in2DMode":false,"pivot":{"x":-18.19090461730957,"y":-21.16326141357422,"z":82.55315399169922},"rotation":{"x":0.1558348685503006,"y":-0.12790332734584809,"z":0.02034795470535755,"w":0.979266345500946},"size":110.81786346435547,"orthographic":false}