{"cameraMode":{"drawMode":0,"name":"Shaded","section":"Shading Mode"},"sceneLighting":false,"audioPlay":false,"sceneViewState":{"showFog":true,"showMaterialUpdate":false,"showSkybox":false,"showFlares":true,"showImageEffects":true,"showParticleSystems":true},"in2DMode":false,"pivot":{"x":11.361600875854493,"y":4.041072845458984,"z":-7.100609302520752},"rotation":{"x":0.11499248445034027,"y":0.60475754737854,"z":-0.08881078660488129,"w":0.7830549478530884},"size":4.30109167098999,"orthographic":false}