{"cameraMode":{"drawMode":0,"name":"Shaded","section":"Shading Mode"},"sceneLighting":false,"audioPlay":false,"sceneViewState":{"showFog":true,"showMaterialUpdate":false,"showSkybox":false,"showFlares":true,"showImageEffects":true,"showParticleSystems":true},"in2DMode":false,"pivot":{"x":0.1360257863998413,"y":0.40290725231170657,"z":-0.6076197624206543},"rotation":{"x":-0.019617289304733278,"y":0.980368971824646,"z":-0.14155462384223939,"w":-0.13586057722568513},"size":5.026697635650635,"orthographic":false}