{"cameraMode":{"drawMode":0,"name":"Shaded","section":"Shading Mode"},"sceneLighting":false,"audioPlay":false,"sceneViewState":{"showFog":true,"showMaterialUpdate":false,"showSkybox":false,"showFlares":true,"showImageEffects":true,"showParticleSystems":true},"in2DMode":false,"pivot":{"x":-0.1430652141571045,"y":0.0,"z":-0.14719164371490479},"rotation":{"x":-0.14991475641727448,"y":-0.23110568523406983,"z":0.03606883063912392,"w":-0.960636556148529},"size":17.796932220458986,"orthographic":false}