{"cameraMode":{"drawMode":0,"name":"Shaded","section":"Shading Mode"},"sceneLighting":false,"audioPlay":false,"sceneViewState":{"showFog":true,"showMaterialUpdate":false,"showSkybox":true,"showFlares":true,"showImageEffects":true,"showParticleSystems":true},"in2DMode":false,"pivot":{"x":-41.08000183105469,"y":2.9000000953674318,"z":40.380001068115237},"rotation":{"x":0.24130776524543763,"y":-0.07705535739660263,"z":0.019223550334572793,"w":0.9671974778175354},"size":14.408599853515625,"orthographic":false}