{"cameraMode":{"drawMode":0,"name":"Shaded","section":"Shading Mode"},"sceneLighting":false,"audioPlay":false,"sceneViewState":{"showFog":true,"showMaterialUpdate":false,"showSkybox":true,"showFlares":true,"showImageEffects":true,"showParticleSystems":true},"in2DMode":false,"pivot":{"x":20.840744018554689,"y":413.8175048828125,"z":741.303955078125},"rotation":{"x":-0.010498832911252976,"y":0.011998552829027176,"z":0.0001253899245057255,"w":0.9998757243156433},"size":1956.555908203125,"orthographic":false}