{"cameraMode":{"drawMode":0,"name":"Shaded","section":"Shading Mode"},"sceneLighting":false,"audioPlay":false,"sceneViewState":{"showFog":true,"showMaterialUpdate":false,"showSkybox":false,"showFlares":true,"showImageEffects":true,"showParticleSystems":true},"in2DMode":false,"pivot":{"x":162.92819213867188,"y":-2.056546211242676,"z":41.09441375732422},"rotation":{"x":0.0801691934466362,"y":-0.9181770086288452,"z":0.30162516236305239,"w":0.24405434727668763},"size":40.742794036865237,"orthographic":false}